,Age,Sex,N,Und,Alc,Smk,HIV,Dia
0,0,m,10081473.84,0.0,0.0,0.0,0.0,0.0
1,0,m,1641170.1600000001,1.0,0.0,0.0,0.0,0.0
2,0,f,9355037.86,0.0,0.0,0.0,0.0,0.0
3,0,f,1522913.1400000001,1.0,0.0,0.0,0.0,0.0
4,1,m,10135551.5,0.0,0.0,0.0,0.0,0.0
5,1,m,1649973.5000000002,1.0,0.0,0.0,0.0,0.0
6,1,f,9375137.78,0.0,0.0,0.0,0.0,0.0
7,1,f,1526185.2200000002,1.0,0.0,0.0,0.0,0.0
8,2,m,10328868.32,0.0,0.0,0.0,0.0,0.0
9,2,m,1681443.6800000002,1.0,0.0,0.0,0.0,0.0
10,2,f,9532049.94,0.0,0.0,0.0,0.0,0.0
11,2,f,1551729.06,1.0,0.0,0.0,0.0,0.0
12,3,m,10455123.2,0.0,0.0,0.0,0.0,0.0
13,3,m,1701996.8,1.0,0.0,0.0,0.0,0.0
14,3,f,9624731.28,0.0,0.0,0.0,0.0,0.0
15,3,f,1566816.7200000002,1.0,0.0,0.0,0.0,0.0
16,4,m,10570750.2,0.0,0.0,0.0,0.0,0.0
17,4,m,1720819.8000000003,1.0,0.0,0.0,0.0,0.0
18,4,f,9705662.44,0.0,0.0,0.0,0.0,0.0
19,4,f,1579991.56,1.0,0.0,0.0,0.0,0.0
20,5,m,10673552.879999999,0.0,0.0,0.0,0.0,0.0
21,5,m,1737555.12,1.0,0.0,0.0,0.0,0.0
22,5,f,9776008.72,0.0,0.0,0.0,0.0,0.0
23,5,f,1591443.2800000003,1.0,0.0,0.0,0.0,0.0
24,6,m,10671467.379999999,0.0,0.0,0.0,0.0,0.0
25,6,m,1737215.62,1.0,0.0,0.0,0.0,0.0
26,6,f,9756291.5,0.0,0.0,0.0,0.0,0.0
27,6,f,1588233.5000000002,1.0,0.0,0.0,0.0,0.0
28,7,m,10835127.1,0.0,0.0,0.0,0.0,0.0
29,7,m,1763857.9000000001,1.0,0.0,0.0,0.0,0.0
30,7,f,9896068.16,0.0,0.0,0.0,0.0,0.0
31,7,f,1610987.84,1.0,0.0,0.0,0.0,0.0
32,8,m,11046135.84,0.0,0.0,0.0,0.0,0.0
33,8,m,1798208.1600000001,1.0,0.0,0.0,0.0,0.0
34,8,f,10074686.72,0.0,0.0,0.0,0.0,0.0
35,8,f,1640065.2800000003,1.0,0.0,0.0,0.0,0.0
36,9,m,11148607.42,0.0,0.0,0.0,0.0,0.0
37,9,m,1814889.58,1.0,0.0,0.0,0.0,0.0
38,9,f,10143711.18,0.0,0.0,0.0,0.0,0.0
39,9,f,1651301.82,1.0,0.0,0.0,0.0,0.0
40,10,m,11241293.06,0.0,0.0,0.0,0.0,0.0
41,10,m,1829977.9400000002,1.0,0.0,0.0,0.0,0.0
42,10,f,10204938.02,0.0,0.0,0.0,0.0,0.0
43,10,f,1661268.9800000002,1.0,0.0,0.0,0.0,0.0
44,11,m,11306608.34,0.0,0.0,0.0,0.0,0.0
45,11,m,1840610.6600000001,1.0,0.0,0.0,0.0,0.0
46,11,f,10257965.62,0.0,0.0,0.0,0.0,0.0
47,11,f,1669901.3800000001,1.0,0.0,0.0,0.0,0.0
48,12,m,11316815.68,0.0,0.0,0.0,0.0,0.0
49,12,m,1842272.32,1.0,0.0,0.0,0.0,0.0
50,12,f,10271715.3,0.0,0.0,0.0,0.0,0.0
51,12,f,1672139.7000000002,1.0,0.0,0.0,0.0,0.0
52,13,m,11302989.459999999,0.0,0.0,0.0,0.0,0.0
53,13,m,1840021.5400000003,1.0,0.0,0.0,0.0,0.0
54,13,f,10261434.86,0.0,0.0,0.0,0.0,0.0
55,13,f,1670466.1400000001,1.0,0.0,0.0,0.0,0.0
56,14,m,11321418.4,0.0,0.0,0.0,0.0,0.0
57,14,m,1843021.6,1.0,0.0,0.0,0.0,0.0
58,14,f,10278330.42,0.0,0.0,0.0,0.0,0.0
59,14,f,1673216.58,1.0,0.0,0.0,0.0,0.0
60,15,f,10084378.909044607,0.0,0.0,0.0,0.0,0.0
61,15,f,66127.20286940396,0.0,1.0,0.0,0.0,0.0
62,16,f,10191307.45051175,0.0,0.0,0.0,0.0,0.0
63,16,f,66828.37499094984,0.0,1.0,0.0,0.0,0.0
64,17,f,10270217.162183844,0.0,0.0,0.0,0.0,0.0
65,17,f,67345.816725257,0.0,1.0,0.0,0.0,0.0
66,50,f,5585323.98086095,0.0,0.0,0.0,0.0,0.0
67,50,f,36625.146209299906,0.0,1.0,0.0,0.0,0.0
68,51,f,5422914.553967075,0.0,0.0,0.0,0.0,0.0
69,51,f,35560.16429846724,0.0,1.0,0.0,0.0,0.0
70,52,f,5282731.202391643,0.0,0.0,0.0,0.0,0.0
71,52,f,34640.92742605783,0.0,1.0,0.0,0.0,0.0
72,53,f,5136713.761826497,0.0,0.0,0.0,0.0,0.0
73,53,f,33683.434158320495,0.0,1.0,0.0,0.0,0.0
74,54,f,4972821.939756745,0.0,0.0,0.0,0.0,0.0
75,54,f,32608.731604559605,0.0,1.0,0.0,0.0,0.0
76,55,f,4816186.730063784,0.0,0.0,0.0,0.0,0.0
77,55,f,31581.613486400816,0.0,1.0,0.0,0.0,0.0
78,56,f,4681546.445112252,0.0,0.0,0.0,0.0,0.0
79,56,f,30698.72466224141,0.0,1.0,0.0,0.0,0.0
80,57,f,4548479.499825912,0.0,0.0,0.0,0.0,0.0
81,57,f,29826.152839472077,0.0,1.0,0.0,0.0,0.0
82,58,f,4402876.614557902,0.0,0.0,0.0,0.0,0.0
83,58,f,28871.377972390015,0.0,1.0,0.0,0.0,0.0
84,59,f,4251820.091413824,0.0,0.0,0.0,0.0,0.0
85,59,f,27880.84147621212,0.0,1.0,0.0,0.0,0.0
86,60,f,4097569.143082469,0.0,0.0,0.0,0.0,0.0
87,60,f,26869.357889061605,0.0,1.0,0.0,0.0,0.0
88,61,f,3939849.420354397,0.0,0.0,0.0,0.0,0.0
89,61,f,25835.12819624521,0.0,1.0,0.0,0.0,0.0
90,62,f,3790915.6931651365,0.0,0.0,0.0,0.0,0.0
91,62,f,24858.51170049775,0.0,1.0,0.0,0.0,0.0
92,63,f,3649703.1531189284,0.0,0.0,0.0,0.0,0.0
93,63,f,23932.526038161697,0.0,1.0,0.0,0.0,0.0
94,64,f,3498217.6751335687,0.0,0.0,0.0,0.0,0.0
95,64,f,22939.17671790539,0.0,1.0,0.0,0.0,0.0
96,65,f,3339547.582492129,0.0,0.0,0.0,0.0,0.0
97,65,f,21898.715079162615,0.0,1.0,0.0,0.0,0.0
98,66,f,3177635.318806522,0.0,0.0,0.0,0.0,0.0
99,66,f,20836.993261254753,0.0,1.0,0.0,0.0,0.0
100,67,f,3005012.825762294,0.0,0.0,0.0,0.0,0.0
101,67,f,19705.04029515588,0.0,1.0,0.0,0.0,0.0
102,68,f,2823471.709799,0.0,0.0,0.0,0.0,0.0
103,68,f,18514.60444256453,0.0,1.0,0.0,0.0,0.0
104,69,f,2639963.1613834715,0.0,0.0,0.0,0.0,0.0
105,69,f,17311.267368581743,0.0,1.0,0.0,0.0,0.0
106,70,f,2458626.6705211424,0.0,0.0,0.0,0.0,0.0
107,70,f,16122.173322529568,0.0,1.0,0.0,0.0,0.0
108,71,f,2281839.6777369194,0.0,0.0,0.0,0.0,0.0
109,71,f,14962.912108531638,0.0,1.0,0.0,0.0,0.0
110,72,f,2029928.7474227468,0.0,0.0,0.0,0.0,0.0
111,72,f,13311.033956773083,0.0,1.0,0.0,0.0,0.0
112,73,f,1799993.0372106514,0.0,0.0,0.0,0.0,0.0
113,73,f,11803.25588801384,0.0,1.0,0.0,0.0,0.0
114,74,f,1658177.9899227154,0.0,0.0,0.0,0.0,0.0
115,74,f,10873.319350868001,0.0,1.0,0.0,0.0,0.0
116,75,f,1518045.4156871527,0.0,0.0,0.0,0.0,0.0
117,75,f,9954.415445266464,0.0,1.0,0.0,0.0,0.0
118,76,f,1385772.718940852,0.0,0.0,0.0,0.0,0.0
119,76,f,9087.051819730656,0.0,1.0,0.0,0.0,0.0
120,77,f,1264505.0632727093,0.0,0.0,0.0,0.0,0.0
121,77,f,8291.852537733026,0.0,1.0,0.0,0.0,0.0
122,78,f,1153348.1612044354,0.0,0.0,0.0,0.0,0.0
123,78,f,7562.95340773201,0.0,1.0,0.0,0.0,0.0
124,79,f,1050342.1589912397,0.0,0.0,0.0,0.0,0.0
125,79,f,6887.502904874657,0.0,1.0,0.0,0.0,0.0
126,80,f,953499.9195415357,0.0,0.0,0.0,0.0,0.0
127,80,f,6252.470596769459,0.0,1.0,0.0,0.0,0.0
128,81,f,862123.443899811,0.0,0.0,0.0,0.0,0.0
129,81,f,5653.279432221683,0.0,1.0,0.0,0.0,0.0
130,82,f,776441.6090308485,0.0,0.0,0.0,0.0,0.0
131,82,f,5091.430246693662,0.0,1.0,0.0,0.0,0.0
132,83,f,688767.331975089,0.0,0.0,0.0,0.0,0.0
133,83,f,4516.515841197192,0.0,1.0,0.0,0.0,0.0
134,84,f,595907.7032867456,0.0,0.0,0.0,0.0,0.0
135,84,f,3907.5990640673476,0.0,1.0,0.0,0.0,0.0
136,85,f,505613.4670678987,0.0,0.0,0.0,0.0,0.0
137,85,f,3315.5045652156327,0.0,1.0,0.0,0.0,0.0
138,86,f,425625.515100954,0.0,0.0,0.0,0.0,0.0
139,86,f,2790.9923890535206,0.0,1.0,0.0,0.0,0.0
140,87,f,355834.71399873,0.0,0.0,0.0,0.0,0.0
141,87,f,2333.3469054267835,0.0,1.0,0.0,0.0,0.0
142,88,f,293622.6203396284,0.0,0.0,0.0,0.0,0.0
143,88,f,1925.3979602878783,0.0,1.0,0.0,0.0,0.0
144,89,f,239009.69663374536,0.0,0.0,0.0,0.0,0.0
145,89,f,1567.2797342907204,0.0,1.0,0.0,0.0,0.0
146,90,f,191677.6371684699,0.0,0.0,0.0,0.0,0.0
147,90,f,1256.904972818822,0.0,1.0,0.0,0.0,0.0
148,91,f,151224.0125785721,0.0,0.0,0.0,0.0,0.0
149,91,f,991.6347896784786,0.0,1.0,0.0,0.0,0.0
150,92,f,117139.53372387425,0.0,0.0,0.0,0.0,0.0
151,92,f,768.1295774833083,0.0,1.0,0.0,0.0,0.0
152,93,f,89019.49762691357,0.0,0.0,0.0,0.0,0.0
153,93,f,583.7355410780607,0.0,1.0,0.0,0.0,0.0
154,94,f,66341.73134485896,0.0,0.0,0.0,0.0,0.0
155,94,f,435.0285889609246,0.0,1.0,0.0,0.0,0.0
156,95,f,48380.95257540361,0.0,0.0,0.0,0.0,0.0
157,95,f,317.2527623986143,0.0,1.0,0.0,0.0,0.0
158,96,f,34424.00494814974,0.0,0.0,0.0,0.0,0.0
159,96,f,225.73161711942515,0.0,1.0,0.0,0.0,0.0
160,97,f,23870.654833602046,0.0,0.0,0.0,0.0,0.0
161,97,f,156.5291872751207,0.0,1.0,0.0,0.0,0.0
162,98,f,16177.508908088685,0.0,0.0,0.0,0.0,0.0
163,98,f,106.08223105612366,0.0,1.0,0.0,0.0,0.0
164,99,f,10733.723351693998,0.0,0.0,0.0,0.0,0.0
165,99,f,70.38520746031479,0.0,1.0,0.0,0.0,0.0
166,100,f,17874.38150460375,0.0,0.0,0.0,0.0,0.0
167,100,f,117.20928602354897,0.0,1.0,0.0,0.0,0.0
168,18,f,9305510.480893234,0.0,0.0,0.0,0.0,0.0
169,18,f,61019.85902389002,0.0,1.0,0.0,0.0,0.0
170,19,f,9329670.40793998,0.0,0.0,0.0,0.0,0.0
171,19,f,61178.28508180988,0.0,1.0,0.0,0.0,0.0
172,20,f,9260581.01621162,0.0,0.0,0.0,0.0,0.0
173,20,f,60725.23901282021,0.0,1.0,0.0,0.0,0.0
174,21,f,9126234.189387223,0.0,0.0,0.0,0.0,0.0
175,21,f,59844.27450797504,0.0,1.0,0.0,0.0,0.0
176,22,f,9033669.148582177,0.0,0.0,0.0,0.0,0.0
177,22,f,59237.2894584109,0.0,1.0,0.0,0.0,0.0
178,23,f,8973589.542810969,0.0,0.0,0.0,0.0,0.0
179,23,f,58843.32406748502,0.0,1.0,0.0,0.0,0.0
180,24,f,8909189.534475213,0.0,0.0,0.0,0.0,0.0
181,24,f,58421.028113076725,0.0,1.0,0.0,0.0,0.0
182,25,f,8851778.234733108,0.0,0.0,0.0,0.0,0.0
183,25,f,58044.559844749645,0.0,1.0,0.0,0.0,0.0
184,26,f,8788666.634862525,0.0,0.0,0.0,0.0,0.0
185,26,f,57630.712486801625,0.0,1.0,0.0,0.0,0.0
186,27,f,8706994.845675869,0.0,0.0,0.0,0.0,0.0
187,27,f,57095.158733718294,0.0,1.0,0.0,0.0,0.0
188,28,f,8639551.501616916,0.0,0.0,0.0,0.0,0.0
189,28,f,56652.90644084012,0.0,1.0,0.0,0.0,0.0
190,29,f,8571529.734743496,0.0,0.0,0.0,0.0,0.0
191,29,f,56206.861204128545,0.0,1.0,0.0,0.0,0.0
192,30,f,8464705.248372318,0.0,0.0,0.0,0.0,0.0
193,30,f,55506.37141240214,0.0,1.0,0.0,0.0,0.0
194,31,f,8380331.884393369,0.0,0.0,0.0,0.0,0.0
195,31,f,54953.10238047338,0.0,1.0,0.0,0.0,0.0
196,32,f,8307829.420005507,0.0,0.0,0.0,0.0,0.0
197,32,f,54477.67546381836,0.0,1.0,0.0,0.0,0.0
198,33,f,8196482.650165901,0.0,0.0,0.0,0.0,0.0
199,33,f,53747.53129684021,0.0,1.0,0.0,0.0,0.0
200,34,f,8110191.79565428,0.0,0.0,0.0,0.0,0.0
201,34,f,53181.68853215131,0.0,1.0,0.0,0.0,0.0
202,35,f,7975467.670811037,0.0,0.0,0.0,0.0,0.0
203,35,f,52298.249937145556,0.0,1.0,0.0,0.0,0.0
204,36,f,7798433.9963870095,0.0,0.0,0.0,0.0,0.0
205,36,f,51137.37113549185,0.0,1.0,0.0,0.0,0.0
206,37,f,7633060.267351141,0.0,0.0,0.0,0.0,0.0
207,37,f,50052.9511401844,0.0,1.0,0.0,0.0,0.0
208,38,f,7446879.951375948,0.0,0.0,0.0,0.0,0.0
209,38,f,48832.09424499781,0.0,1.0,0.0,0.0,0.0
210,39,f,7281373.147287339,0.0,0.0,0.0,0.0,0.0
211,39,f,47746.80162470385,0.0,1.0,0.0,0.0,0.0
212,40,f,7105903.104733018,0.0,0.0,0.0,0.0,0.0
213,40,f,46596.17616664162,0.0,1.0,0.0,0.0,0.0
214,41,f,6900578.8838695,0.0,0.0,0.0,0.0,0.0
215,41,f,45249.785225810694,0.0,1.0,0.0,0.0,0.0
216,42,f,6694996.073983044,0.0,0.0,0.0,0.0,0.0
217,42,f,43901.698615971894,0.0,1.0,0.0,0.0,0.0
218,43,f,6534183.189936566,0.0,0.0,0.0,0.0,0.0
219,43,f,42847.18585883841,0.0,1.0,0.0,0.0,0.0
220,44,f,6432959.953512568,0.0,0.0,0.0,0.0,0.0
221,44,f,42183.42564608957,0.0,1.0,0.0,0.0,0.0
222,45,f,6313295.236768408,0.0,0.0,0.0,0.0,0.0
223,45,f,41398.73745935815,0.0,1.0,0.0,0.0,0.0
224,46,f,6185577.96711692,0.0,0.0,0.0,0.0,0.0
225,46,f,40561.24554474995,0.0,1.0,0.0,0.0,0.0
226,47,f,6062228.73485,0.0,0.0,0.0,0.0,0.0
227,47,f,39752.39655370458,0.0,1.0,0.0,0.0,0.0
228,48,f,5899890.780454781,0.0,0.0,0.0,0.0,0.0
229,48,f,38687.883315901854,0.0,1.0,0.0,0.0,0.0
230,49,f,5736931.305074604,0.0,0.0,0.0,0.0,0.0
231,49,f,37619.294522764416,0.0,1.0,0.0,0.0,0.0
232,15,f,168263.49208598756,0.0,0.0,1.0,0.0,0.0
233,16,f,170047.6544972974,0.0,0.0,1.0,0.0,0.0
234,17,f,171364.307090898,0.0,0.0,1.0,0.0,0.0
235,15,f,24053.07600000001,0.0,0.0,0.0,1.0,0.0
236,16,f,24308.120000000006,0.0,0.0,0.0,1.0,0.0
237,17,f,24496.334000000006,0.0,0.0,0.0,1.0,0.0
238,15,f,1683715.32,1.0,0.0,0.0,0.0,0.0
239,16,f,1701568.4000000001,1.0,0.0,0.0,0.0,0.0
240,17,f,1714743.3800000001,1.0,0.0,0.0,0.0,0.0
241,50,f,612691.9962534854,0.0,0.0,0.0,0.0,1.0
242,51,f,594876.2068176407,0.0,0.0,0.0,0.0,1.0
243,52,f,579498.5460386832,0.0,0.0,0.0,0.0,1.0
244,53,f,563480.9045456836,0.0,0.0,0.0,0.0,1.0
245,54,f,545502.5011482036,0.0,0.0,0.0,0.0,1.0
246,55,f,528320.1246845968,0.0,0.0,0.0,0.0,1.0
247,56,f,513550.5204063547,0.0,0.0,0.0,0.0,1.0
248,57,f,498953.5064064124,0.0,0.0,0.0,0.0,1.0
249,58,f,482981.34029020934,0.0,0.0,0.0,0.0,1.0
250,59,f,466410.9277180114,0.0,0.0,0.0,0.0,1.0
251,60,f,449490.09702296497,0.0,0.0,0.0,0.0,1.0
252,61,f,432188.75298313133,0.0,0.0,0.0,0.0,1.0
253,62,f,415851.20426908263,0.0,0.0,0.0,0.0,1.0
254,63,f,400360.6448398694,0.0,0.0,0.0,0.0,1.0
255,64,f,383743.1773074029,0.0,0.0,0.0,0.0,1.0
256,65,f,366337.5807584228,0.0,0.0,0.0,0.0,1.0
257,66,f,348576.32852034515,0.0,0.0,0.0,0.0,1.0
258,67,f,329640.19872305123,0.0,0.0,0.0,0.0,1.0
259,68,f,309725.72480483627,0.0,0.0,0.0,0.0,1.0
260,69,f,289595.4299027743,0.0,0.0,0.0,0.0,1.0
261,70,f,269703.40269705496,0.0,0.0,0.0,0.0,1.0
262,71,f,250310.4407324887,0.0,0.0,0.0,0.0,1.0
263,72,f,222676.62552299543,0.0,0.0,0.0,0.0,1.0
264,73,f,197453.42096358942,0.0,0.0,0.0,0.0,1.0
265,74,f,181896.76843647237,0.0,0.0,0.0,0.0,1.0
266,75,f,166524.6777676528,0.0,0.0,0.0,0.0,1.0
267,76,f,152014.79026658245,0.0,0.0,0.0,0.0,1.0
268,77,f,138712.1202179165,0.0,0.0,0.0,0.0,1.0
269,78,f,126518.56717445172,0.0,0.0,0.0,0.0,1.0
270,79,f,115219.14151206329,0.0,0.0,0.0,0.0,1.0
271,80,f,104595.86071162685,0.0,0.0,0.0,0.0,1.0
272,81,f,94572.15654274062,0.0,0.0,0.0,0.0,1.0
273,82,f,85173.1360690108,0.0,0.0,0.0,0.0,1.0
274,83,f,75555.55112435122,0.0,0.0,0.0,0.0,1.0
275,84,f,65369.1498578577,0.0,0.0,0.0,0.0,1.0
276,85,f,55464.16385728172,0.0,0.0,0.0,0.0,1.0
277,86,f,46689.743942736146,0.0,0.0,0.0,0.0,1.0
278,87,f,39033.918534223274,0.0,0.0,0.0,0.0,1.0
279,88,f,32209.45284777114,0.0,0.0,0.0,0.0,1.0
280,89,f,26218.5915546293,0.0,0.0,0.0,0.0,1.0
281,90,f,21026.417546471206,0.0,0.0,0.0,0.0,1.0
282,91,f,16588.785622055428,0.0,0.0,0.0,0.0,1.0
283,92,f,12849.828408059495,0.0,0.0,0.0,0.0,1.0
284,93,f,9765.151295325355,0.0,0.0,0.0,0.0,1.0
285,94,f,7277.4735990030285,0.0,0.0,0.0,0.0,1.0
286,95,f,5307.2341936913,0.0,0.0,0.0,0.0,1.0
287,96,f,3776.2021295442564,0.0,0.0,0.0,0.0,1.0
288,97,f,2618.533716574687,0.0,0.0,0.0,0.0,1.0
289,98,f,1774.6204627108382,0.0,0.0,0.0,0.0,1.0
290,99,f,1177.4547743546145,0.0,0.0,0.0,0.0,1.0
291,100,f,1960.7619044802357,0.0,0.0,0.0,0.0,1.0
292,18,f,1020784.4365399485,0.0,0.0,0.0,0.0,1.0
293,19,f,1023434.7024837565,0.0,0.0,0.0,0.0,1.0
294,20,f,1015855.8194175204,0.0,0.0,0.0,0.0,1.0
295,21,f,1001118.406547753,0.0,0.0,0.0,0.0,1.0
296,22,f,990964.3206203352,0.0,0.0,0.0,0.0,1.0
297,23,f,984373.781965779,0.0,0.0,0.0,0.0,1.0
298,24,f,977309.3091077707,0.0,0.0,0.0,0.0,1.0
299,25,f,971011.4750041391,0.0,0.0,0.0,0.0,1.0
300,26,f,964088.3363923125,0.0,0.0,0.0,0.0,1.0
301,27,f,955129.2049747196,0.0,0.0,0.0,0.0,1.0
302,28,f,947730.8880199492,0.0,0.0,0.0,0.0,1.0
303,29,f,940269.1199511358,0.0,0.0,0.0,0.0,1.0
304,30,f,928550.8189129531,0.0,0.0,0.0,0.0,1.0
305,31,f,919295.3334685947,0.0,0.0,0.0,0.0,1.0
306,32,f,911342.0473581892,0.0,0.0,0.0,0.0,1.0
307,33,f,899127.666433613,0.0,0.0,0.0,0.0,1.0
308,34,f,889661.8384726369,0.0,0.0,0.0,0.0,1.0
309,35,f,874883.0372291347,0.0,0.0,0.0,0.0,1.0
310,36,f,855463.0150856336,0.0,0.0,0.0,0.0,1.0
311,37,f,837322.0512815518,0.0,0.0,0.0,0.0,1.0
312,38,f,816898.6721098458,0.0,0.0,0.0,0.0,1.0
313,39,f,798743.1104024025,0.0,0.0,0.0,0.0,1.0
314,40,f,779494.6136233993,0.0,0.0,0.0,0.0,1.0
315,41,f,756971.2099334545,0.0,0.0,0.0,0.0,1.0
316,42,f,734419.4398631143,0.0,0.0,0.0,0.0,1.0
317,43,f,716778.7860196951,0.0,0.0,0.0,0.0,1.0
318,44,f,705674.9240048189,0.0,0.0,0.0,0.0,1.0
319,45,f,692548.0911775162,0.0,0.0,0.0,0.0,1.0
320,46,f,678537.9193115768,0.0,0.0,0.0,0.0,1.0
321,47,f,665006.9070349523,0.0,0.0,0.0,0.0,1.0
322,48,f,647198.9579013047,0.0,0.0,0.0,0.0,1.0
323,49,f,629322.8299235486,0.0,0.0,0.0,0.0,1.0
324,50,f,103350.75667626405,0.0,0.0,1.0,0.0,0.0
325,51,f,100345.53491681776,0.0,0.0,1.0,0.0,0.0
326,52,f,97751.58414361617,0.0,0.0,1.0,0.0,0.0
327,53,f,95049.67946950036,0.0,0.0,1.0,0.0,0.0
328,54,f,92017.02749049208,0.0,0.0,1.0,0.0,0.0
329,55,f,89118.65176521902,0.0,0.0,1.0,0.0,0.0
330,56,f,86627.26981915263,0.0,0.0,1.0,0.0,0.0
331,57,f,84165.00092820419,0.0,0.0,1.0,0.0,0.0
332,58,f,81470.76717949756,0.0,0.0,1.0,0.0,0.0
333,59,f,78675.61939195245,0.0,0.0,1.0,0.0,0.0
334,60,f,75821.36200550458,0.0,0.0,1.0,0.0,0.0
335,61,f,72902.91846622681,0.0,0.0,1.0,0.0,0.0
336,62,f,70147.0508652835,0.0,0.0,1.0,0.0,0.0
337,63,f,67534.05600304042,0.0,0.0,1.0,0.0,0.0
338,64,f,64730.97084112306,0.0,0.0,1.0,0.0,0.0
339,65,f,61794.94167028561,0.0,0.0,1.0,0.0,0.0
340,66,f,58798.91941187852,0.0,0.0,1.0,0.0,0.0
341,67,f,55604.71521949897,0.0,0.0,1.0,0.0,0.0
342,68,f,52245.4809535992,0.0,0.0,1.0,0.0,0.0
343,69,f,48849.84134517237,0.0,0.0,1.0,0.0,0.0
344,70,f,45494.39345927349,0.0,0.0,1.0,0.0,0.0
345,71,f,42223.129422061036,0.0,0.0,1.0,0.0,0.0
346,72,f,37561.77309748519,0.0,0.0,1.0,0.0,0.0
347,73,f,33307.04593774555,0.0,0.0,1.0,0.0,0.0
348,74,f,30682.902289944283,0.0,0.0,1.0,0.0,0.0
349,75,f,28089.891099928103,0.0,0.0,1.0,0.0,0.0
350,76,f,25642.318972834957,0.0,0.0,1.0,0.0,0.0
351,77,f,23398.383971641473,0.0,0.0,1.0,0.0,0.0
352,78,f,21341.538213380805,0.0,0.0,1.0,0.0,0.0
353,79,f,19435.516591822212,0.0,0.0,1.0,0.0,0.0
354,80,f,17643.54915006817,0.0,0.0,1.0,0.0,0.0
355,81,f,15952.720125226762,0.0,0.0,1.0,0.0,0.0
356,82,f,14367.26465344713,0.0,0.0,1.0,0.0,0.0
357,83,f,12744.941059362549,0.0,0.0,1.0,0.0,0.0
358,84,f,11026.667791329513,0.0,0.0,1.0,0.0,0.0
359,85,f,9355.86450960392,0.0,0.0,1.0,0.0,0.0
360,86,f,7875.768567256432,0.0,0.0,1.0,0.0,0.0
361,87,f,6584.360561619909,0.0,0.0,1.0,0.0,0.0
362,88,f,5433.188852312607,0.0,0.0,1.0,0.0,0.0
363,89,f,4422.632077334614,0.0,0.0,1.0,0.0,0.0
364,90,f,3546.8003122401033,0.0,0.0,1.0,0.0,0.0
365,91,f,2798.247009693992,0.0,0.0,1.0,0.0,0.0
366,92,f,2167.5482905829576,0.0,0.0,1.0,0.0,0.0
367,93,f,1647.2155366830193,0.0,0.0,1.0,0.0,0.0
368,94,f,1227.586467177094,0.0,0.0,1.0,0.0,0.0
369,95,f,895.2404685064753,0.0,0.0,1.0,0.0,0.0
370,96,f,636.9813051865835,0.0,0.0,1.0,0.0,0.0
371,97,f,441.7022625481445,0.0,0.0,1.0,0.0,0.0
372,98,f,299.34839814435327,0.0,0.0,1.0,0.0,0.0
373,99,f,198.61666649107443,0.0,0.0,1.0,0.0,0.0
374,100,f,330.7473048924656,0.0,0.0,1.0,0.0,0.0
375,18,f,172189.0355429257,0.0,0.0,1.0,0.0,0.0
376,19,f,172636.0904944524,0.0,0.0,1.0,0.0,0.0
377,20,f,171357.66135804114,0.0,0.0,1.0,0.0,0.0
378,21,f,168871.70955704714,0.0,0.0,1.0,0.0,0.0
379,22,f,167158.88733907862,0.0,0.0,1.0,0.0,0.0
380,23,f,166047.17515576698,0.0,0.0,1.0,0.0,0.0
381,24,f,164855.5183039415,0.0,0.0,1.0,0.0,0.0
382,25,f,163793.18041800213,0.0,0.0,1.0,0.0,0.0
383,26,f,162625.3642583621,0.0,0.0,1.0,0.0,0.0
384,27,f,161114.11061569618,0.0,0.0,1.0,0.0,0.0
385,28,f,159866.13992229413,0.0,0.0,1.0,0.0,0.0
386,29,f,158607.4661012384,0.0,0.0,1.0,0.0,0.0
387,30,f,156630.78730232784,0.0,0.0,1.0,0.0,0.0
388,31,f,155069.5437575618,0.0,0.0,1.0,0.0,0.0
389,32,f,153727.9591724856,0.0,0.0,1.0,0.0,0.0
390,33,f,151667.60010364477,0.0,0.0,1.0,0.0,0.0
391,34,f,150070.8753409314,0.0,0.0,1.0,0.0,0.0
392,35,f,147577.94202268362,0.0,0.0,1.0,0.0,0.0
393,36,f,144302.1133918649,0.0,0.0,1.0,0.0,0.0
394,37,f,141242.04022712115,0.0,0.0,1.0,0.0,0.0
395,38,f,137796.962269209,0.0,0.0,1.0,0.0,0.0
396,39,f,134734.42668555406,0.0,0.0,1.0,0.0,0.0
397,40,f,131487.53147694166,0.0,0.0,1.0,0.0,0.0
398,41,f,127688.21497123418,0.0,0.0,1.0,0.0,0.0
399,42,f,123884.11353786975,0.0,0.0,1.0,0.0,0.0
400,43,f,120908.43418489983,0.0,0.0,1.0,0.0,0.0
401,44,f,119035.40083652313,0.0,0.0,1.0,0.0,0.0
402,45,f,116821.12659471748,0.0,0.0,1.0,0.0,0.0
403,46,f,114457.84802675284,0.0,0.0,1.0,0.0,0.0
404,47,f,112175.39556134412,0.0,0.0,1.0,0.0,0.0
405,48,f,109171.49632801146,0.0,0.0,1.0,0.0,0.0
406,49,f,106156.09647908235,0.0,0.0,1.0,0.0,0.0
407,50,f,1031766.1200000001,1.0,0.0,0.0,0.0,0.0
408,51,f,1001764.54,1.0,0.0,0.0,0.0,0.0
409,52,f,975868.7400000001,1.0,0.0,0.0,0.0,0.0
410,53,f,948895.2200000001,1.0,0.0,0.0,0.0,0.0
411,54,f,918619.8,1.0,0.0,0.0,0.0,0.0
412,55,f,889684.8800000001,1.0,0.0,0.0,0.0,0.0
413,56,f,864813.04,1.0,0.0,0.0,0.0,0.0
414,57,f,840231.8400000001,1.0,0.0,0.0,0.0,0.0
415,58,f,813334.9,1.0,0.0,0.0,0.0,0.0
416,59,f,785430.52,1.0,0.0,0.0,0.0,0.0
417,60,f,756936.04,1.0,0.0,0.0,0.0,0.0
418,61,f,727800.78,1.0,0.0,0.0,0.0,0.0
419,62,f,700288.54,1.0,0.0,0.0,0.0,0.0
420,63,f,674202.6200000001,1.0,0.0,0.0,0.0,0.0
421,64,f,646219.0000000001,1.0,0.0,0.0,0.0,0.0
422,65,f,616908.18,1.0,0.0,0.0,0.0,0.0
423,66,f,586998.4400000001,1.0,0.0,0.0,0.0,0.0
424,67,f,555110.2200000001,1.0,0.0,0.0,0.0,0.0
425,68,f,521574.48000000004,1.0,0.0,0.0,0.0,0.0
426,69,f,487675.30000000005,1.0,0.0,0.0,0.0,0.0
427,70,f,454177.36000000004,1.0,0.0,0.0,0.0,0.0
428,71,f,421519.84,1.0,0.0,0.0,0.0,0.0
429,72,f,374984.82,1.0,0.0,0.0,0.0,0.0
430,73,f,332509.24000000005,1.0,0.0,0.0,0.0,0.0
431,74,f,306312.02,1.0,0.0,0.0,0.0,0.0
432,75,f,280425.60000000003,1.0,0.0,0.0,0.0,0.0
433,76,f,255991.12000000002,1.0,0.0,0.0,0.0,0.0
434,77,f,233589.58000000002,1.0,0.0,0.0,0.0,0.0
435,78,f,213055.78000000003,1.0,0.0,0.0,0.0,0.0
436,79,f,194027.68000000002,1.0,0.0,0.0,0.0,0.0
437,80,f,176138.2,1.0,0.0,0.0,0.0,0.0
438,81,f,159258.40000000002,1.0,0.0,0.0,0.0,0.0
439,82,f,143430.56000000003,1.0,0.0,0.0,0.0,0.0
440,83,f,127234.66000000002,1.0,0.0,0.0,0.0,0.0
441,84,f,110080.88,1.0,0.0,0.0,0.0,0.0
442,85,f,93401.00000000001,1.0,0.0,0.0,0.0,0.0
443,86,f,78624.98000000001,1.0,0.0,0.0,0.0,0.0
444,87,f,65732.66,1.0,0.0,0.0,0.0,0.0
445,88,f,54240.340000000004,1.0,0.0,0.0,0.0,0.0
446,89,f,44151.8,1.0,0.0,0.0,0.0,0.0
447,90,f,35408.240000000005,1.0,0.0,0.0,0.0,0.0
448,91,f,27935.320000000003,1.0,0.0,0.0,0.0,0.0
449,92,f,21638.960000000003,1.0,0.0,0.0,0.0,0.0
450,93,f,16444.4,1.0,0.0,0.0,0.0,0.0
451,94,f,12255.18,1.0,0.0,0.0,0.0,0.0
452,95,f,8937.320000000002,1.0,0.0,0.0,0.0,0.0
453,96,f,6359.080000000001,1.0,0.0,0.0,0.0,0.0
454,97,f,4409.580000000001,1.0,0.0,0.0,0.0,0.0
455,98,f,2988.4400000000005,1.0,0.0,0.0,0.0,0.0
456,99,f,1982.8200000000002,1.0,0.0,0.0,0.0,0.0
457,100,f,3301.9,1.0,0.0,0.0,0.0,0.0
458,18,f,24614.228000000006,0.0,0.0,0.0,1.0,0.0
459,19,f,24678.134000000005,0.0,0.0,0.0,1.0,0.0
460,20,f,24495.384000000005,0.0,0.0,0.0,1.0,0.0
461,21,f,24140.020000000008,0.0,0.0,0.0,1.0,0.0
462,22,f,23895.17400000001,0.0,0.0,0.0,1.0,0.0
463,23,f,23736.25600000001,0.0,0.0,0.0,1.0,0.0
464,24,f,23565.91000000001,0.0,0.0,0.0,1.0,0.0
465,25,f,23414.05000000001,0.0,0.0,0.0,1.0,0.0
466,26,f,23247.11200000001,0.0,0.0,0.0,1.0,0.0
467,27,f,23031.08000000001,0.0,0.0,0.0,1.0,0.0
468,28,f,22852.684000000005,0.0,0.0,0.0,1.0,0.0
469,29,f,22672.758000000005,0.0,0.0,0.0,1.0,0.0
470,30,f,22390.194000000007,0.0,0.0,0.0,1.0,0.0
471,31,f,22167.016000000007,0.0,0.0,0.0,1.0,0.0
472,32,f,21975.23800000001,0.0,0.0,0.0,1.0,0.0
473,33,f,21680.712000000007,0.0,0.0,0.0,1.0,0.0
474,34,f,21452.462000000007,0.0,0.0,0.0,1.0,0.0
475,35,f,21096.100000000006,0.0,0.0,0.0,1.0,0.0
476,36,f,20627.824000000008,0.0,0.0,0.0,1.0,0.0
477,37,f,20190.390000000007,0.0,0.0,0.0,1.0,0.0
478,38,f,19697.920000000006,0.0,0.0,0.0,1.0,0.0
479,39,f,19260.134000000005,0.0,0.0,0.0,1.0,0.0
480,40,f,18795.994000000006,0.0,0.0,0.0,1.0,0.0
481,41,f,18252.886000000006,0.0,0.0,0.0,1.0,0.0
482,42,f,17709.094000000005,0.0,0.0,0.0,1.0,0.0
483,43,f,17283.724000000006,0.0,0.0,0.0,1.0,0.0
484,44,f,17015.976000000006,0.0,0.0,0.0,1.0,0.0
485,45,f,16699.448000000004,0.0,0.0,0.0,1.0,0.0
486,46,f,16361.620000000004,0.0,0.0,0.0,1.0,0.0
487,47,f,16035.346000000007,0.0,0.0,0.0,1.0,0.0
488,48,f,15605.942000000005,0.0,0.0,0.0,1.0,0.0
489,49,f,15174.894000000006,0.0,0.0,0.0,1.0,0.0
490,18,f,1722995.9600000002,1.0,0.0,0.0,0.0,0.0
491,19,f,1727469.3800000001,1.0,0.0,0.0,0.0,0.0
492,20,f,1714676.8800000001,1.0,0.0,0.0,0.0,0.0
493,21,f,1689801.4000000001,1.0,0.0,0.0,0.0,0.0
494,22,f,1672662.1800000002,1.0,0.0,0.0,0.0,0.0
495,23,f,1661537.9200000002,1.0,0.0,0.0,0.0,0.0
496,24,f,1649613.7000000002,1.0,0.0,0.0,0.0,0.0
497,25,f,1638983.5000000002,1.0,0.0,0.0,0.0,0.0
498,26,f,1627297.84,1.0,0.0,0.0,0.0,0.0
499,27,f,1612175.6,1.0,0.0,0.0,0.0,0.0
500,28,f,1599687.8800000001,1.0,0.0,0.0,0.0,0.0
501,29,f,1587093.06,1.0,0.0,0.0,0.0,0.0
502,30,f,1567313.58,1.0,0.0,0.0,0.0,0.0
503,31,f,1551691.12,1.0,0.0,0.0,0.0,0.0
504,32,f,1538266.6600000001,1.0,0.0,0.0,0.0,0.0
505,33,f,1517649.84,1.0,0.0,0.0,0.0,0.0
506,34,f,1501672.34,1.0,0.0,0.0,0.0,0.0
507,35,f,1476727.0000000002,1.0,0.0,0.0,0.0,0.0
508,36,f,1443947.6800000002,1.0,0.0,0.0,0.0,0.0
509,37,f,1413327.3,1.0,0.0,0.0,0.0,0.0
510,38,f,1378854.4000000001,1.0,0.0,0.0,0.0,0.0
511,39,f,1348209.3800000001,1.0,0.0,0.0,0.0,0.0
512,40,f,1315719.58,1.0,0.0,0.0,0.0,0.0
513,41,f,1277702.02,1.0,0.0,0.0,0.0,0.0
514,42,f,1239636.58,1.0,0.0,0.0,0.0,0.0
515,43,f,1209860.6800000002,1.0,0.0,0.0,0.0,0.0
516,44,f,1191118.32,1.0,0.0,0.0,0.0,0.0
517,45,f,1168961.36,1.0,0.0,0.0,0.0,0.0
518,46,f,1145313.4000000001,1.0,0.0,0.0,0.0,0.0
519,47,f,1122474.2200000002,1.0,0.0,0.0,0.0,0.0
520,48,f,1092415.9400000002,1.0,0.0,0.0,0.0,0.0
521,49,f,1062242.58,1.0,0.0,0.0,0.0,0.0
522,15,m,7069431.521713635,0.0,0.0,0.0,0.0,0.0
523,15,m,1388525.1010967763,0.0,1.0,0.0,0.0,0.0
524,16,m,7149309.623857653,0.0,0.0,0.0,0.0,0.0
525,16,m,1404214.1631542097,0.0,1.0,0.0,0.0,0.0
526,17,m,7204506.538652411,0.0,0.0,0.0,0.0,0.0
527,17,m,1415055.5301665666,0.0,1.0,0.0,0.0,0.0
528,50,m,3529842.0595420427,0.0,0.0,0.0,0.0,0.0
529,50,m,693305.2944253141,0.0,1.0,0.0,0.0,0.0
530,51,m,3419725.1856208458,0.0,0.0,0.0,0.0,0.0
531,51,m,671676.9579707829,0.0,1.0,0.0,0.0,0.0
532,52,m,3324387.4725831584,0.0,0.0,0.0,0.0,0.0
533,52,m,652951.4342525898,0.0,1.0,0.0,0.0,0.0
534,53,m,3226156.639897349,0.0,0.0,0.0,0.0,0.0
535,53,m,633657.6655150405,0.0,1.0,0.0,0.0,0.0
536,54,m,3117429.7103230236,0.0,0.0,0.0,0.0,0.0
537,54,m,612302.331579712,0.0,1.0,0.0,0.0,0.0
538,55,m,3012769.009758182,0.0,0.0,0.0,0.0,0.0
539,55,m,591745.6560696239,0.0,1.0,0.0,0.0,0.0
540,56,m,2920688.4057523306,0.0,0.0,0.0,0.0,0.0
541,56,m,573659.8694553014,0.0,1.0,0.0,0.0,0.0
542,57,m,2827963.25631386,0.0,0.0,0.0,0.0,0.0
543,57,m,555447.4860263356,0.0,1.0,0.0,0.0,0.0
544,58,m,2725416.3530390663,0.0,0.0,0.0,0.0,0.0
545,58,m,535305.9868408001,0.0,1.0,0.0,0.0,0.0
546,59,m,2618319.12404295,0.0,0.0,0.0,0.0,0.0
547,59,m,514270.7465584288,0.0,1.0,0.0,0.0,0.0
548,60,m,2508763.3622195665,0.0,0.0,0.0,0.0,0.0
549,60,m,492752.6195641561,0.0,1.0,0.0,0.0,0.0
550,61,m,2396996.617023833,0.0,0.0,0.0,0.0,0.0
551,61,m,470800.2276786846,0.0,1.0,0.0,0.0,0.0
552,62,m,2291521.2953823456,0.0,0.0,0.0,0.0,0.0
553,62,m,450083.55036232225,0.0,1.0,0.0,0.0,0.0
554,63,m,2193458.24621598,0.0,0.0,0.0,0.0,0.0
555,63,m,430822.73641436,0.0,1.0,0.0,0.0,0.0
556,64,m,2092658.8587229394,0.0,0.0,0.0,0.0,0.0
557,64,m,411024.4712668195,0.0,1.0,0.0,0.0,0.0
558,65,m,1990072.9893302424,0.0,0.0,0.0,0.0,0.0
559,65,m,390875.31864654383,0.0,1.0,0.0,0.0,0.0
560,66,m,1887896.9518129092,0.0,0.0,0.0,0.0,0.0
561,66,m,370806.6621516532,0.0,1.0,0.0,0.0,0.0
562,67,m,1780764.8825231374,0.0,0.0,0.0,0.0,0.0
563,67,m,349764.5787982199,0.0,1.0,0.0,0.0,0.0
564,68,m,1668046.9056256362,0.0,0.0,0.0,0.0,0.0
565,68,m,327625.35306467913,0.0,1.0,0.0,0.0,0.0
566,69,m,1553296.731073227,0.0,0.0,0.0,0.0,0.0
567,69,m,305086.97819933575,0.0,1.0,0.0,0.0,0.0
568,70,m,1438421.406518609,0.0,0.0,0.0,0.0,0.0
569,70,m,282524.02230241505,0.0,1.0,0.0,0.0,0.0
570,71,m,1324634.8411407133,0.0,0.0,0.0,0.0,0.0
571,71,m,260174.91237617595,0.0,1.0,0.0,0.0,0.0
572,72,m,1152309.7060484986,0.0,0.0,0.0,0.0,0.0
573,72,m,226328.0924599641,0.0,1.0,0.0,0.0,0.0
574,73,m,987494.4879386246,0.0,0.0,0.0,0.0,0.0
575,73,m,193956.31451920728,0.0,1.0,0.0,0.0,0.0
576,74,m,891466.3869766673,0.0,0.0,0.0,0.0,0.0
577,74,m,175095.1899455001,0.0,1.0,0.0,0.0,0.0
578,75,m,806537.2116684421,0.0,0.0,0.0,0.0,0.0
579,75,m,158414.03370702313,0.0,1.0,0.0,0.0,0.0
580,76,m,725657.3036477896,0.0,0.0,0.0,0.0,0.0
581,76,m,142528.20439866427,0.0,1.0,0.0,0.0,0.0
582,77,m,650978.9678977452,0.0,0.0,0.0,0.0,0.0
583,77,m,127860.44173930773,0.0,1.0,0.0,0.0,0.0
584,78,m,582416.9373838373,0.0,0.0,0.0,0.0,0.0
585,78,m,114393.99821293382,0.0,1.0,0.0,0.0,0.0
586,79,m,519515.9961639669,0.0,0.0,0.0,0.0,0.0
587,79,m,102039.46369369545,0.0,1.0,0.0,0.0,0.0
588,80,m,461663.6885496705,0.0,0.0,0.0,0.0,0.0
589,80,m,90676.54419555866,0.0,1.0,0.0,0.0,0.0
590,81,m,408508.8610548983,0.0,0.0,0.0,0.0,0.0
591,81,m,80236.26876545315,0.0,1.0,0.0,0.0,0.0
592,82,m,359566.95854289416,0.0,0.0,0.0,0.0,0.0
593,82,m,70623.46469137447,0.0,1.0,0.0,0.0,0.0
594,83,m,312449.58719861787,0.0,0.0,0.0,0.0,0.0
595,83,m,61369.02144395378,0.0,1.0,0.0,0.0,0.0
596,84,m,265998.7656829535,0.0,0.0,0.0,0.0,0.0
597,84,m,52245.49695079457,0.0,1.0,0.0,0.0,0.0
598,85,m,222590.51033819592,0.0,0.0,0.0,0.0,0.0
599,85,m,43719.570650230606,0.0,1.0,0.0,0.0,0.0
600,86,m,185023.04685474953,0.0,0.0,0.0,0.0,0.0
601,86,m,36340.849197015734,0.0,1.0,0.0,0.0,0.0
602,87,m,152983.72943955142,0.0,0.0,0.0,0.0,0.0
603,87,m,30047.92503241107,0.0,1.0,0.0,0.0,0.0
604,88,m,125417.72235970176,0.0,0.0,0.0,0.0,0.0
605,88,m,24633.615175979423,0.0,1.0,0.0,0.0,0.0
606,89,m,101822.13348178417,0.0,0.0,0.0,0.0,0.0
607,89,m,19999.145299368083,0.0,1.0,0.0,0.0,0.0
608,90,m,81508.40858119383,0.0,0.0,0.0,0.0,0.0
609,90,m,16009.274708697576,0.0,1.0,0.0,0.0,0.0
610,91,m,64134.104245294446,0.0,0.0,0.0,0.0,0.0
611,91,m,12596.743218662998,0.0,1.0,0.0,0.0,0.0
612,92,m,49567.65252304635,0.0,0.0,0.0,0.0,0.0
613,92,m,9735.709231965142,0.0,1.0,0.0,0.0,0.0
614,93,m,37540.87483828856,0.0,0.0,0.0,0.0,0.0
615,93,m,7373.499109509808,0.0,1.0,0.0,0.0,0.0
616,94,m,27778.716241112375,0.0,0.0,0.0,0.0,0.0
617,94,m,5456.088606072172,0.0,1.0,0.0,0.0,0.0
618,95,m,20056.5485224257,0.0,0.0,0.0,0.0,0.0
619,95,m,3939.3579213852995,0.0,1.0,0.0,0.0,0.0
620,96,m,14134.15702597493,0.0,0.0,0.0,0.0,0.0
621,96,m,2776.125881286178,0.0,1.0,0.0,0.0,0.0
622,97,m,9732.360977602742,0.0,0.0,0.0,0.0,0.0
623,97,m,1911.5578768716123,0.0,1.0,0.0,0.0,0.0
624,98,m,6558.226855656375,0.0,0.0,0.0,0.0,0.0
625,98,m,1288.1180869771686,0.0,1.0,0.0,0.0,0.0
626,99,m,4338.533409893187,0.0,0.0,0.0,0.0,0.0
627,99,m,852.1424280128564,0.0,1.0,0.0,0.0,0.0
628,100,m,7258.24170317401,0.0,0.0,0.0,0.0,0.0
629,100,m,1425.6097910743401,0.0,1.0,0.0,0.0,0.0
630,18,m,6203318.1008787025,0.0,0.0,0.0,0.0,0.0
631,18,m,1218409.5519847618,0.0,1.0,0.0,0.0,0.0
632,19,m,6223583.66984097,0.0,0.0,0.0,0.0,0.0
633,19,m,1222389.9641445922,0.0,1.0,0.0,0.0,0.0
634,20,m,6190724.26862989,0.0,0.0,0.0,0.0,0.0
635,20,m,1215935.9652270759,0.0,1.0,0.0,0.0,0.0
636,21,m,6105833.8995239,0.0,0.0,0.0,0.0,0.0
637,21,m,1199262.431013894,0.0,1.0,0.0,0.0,0.0
638,22,m,6044505.284338675,0.0,0.0,0.0,0.0,0.0
639,22,m,1187216.7210669722,0.0,1.0,0.0,0.0,0.0
640,23,m,6005402.020625384,0.0,0.0,0.0,0.0,0.0
641,23,m,1179536.3491680517,0.0,1.0,0.0,0.0,0.0
642,24,m,5956980.985834045,0.0,0.0,0.0,0.0,0.0
643,24,m,1170025.8500533286,0.0,1.0,0.0,0.0,0.0
644,25,m,5911559.310132181,0.0,0.0,0.0,0.0,0.0
645,25,m,1161104.462717982,0.0,1.0,0.0,0.0,0.0
646,26,m,5853739.094394249,0.0,0.0,0.0,0.0,0.0
647,26,m,1149747.8464672472,0.0,1.0,0.0,0.0,0.0
648,27,m,5771501.406398193,0.0,0.0,0.0,0.0,0.0
649,27,m,1133595.332126036,0.0,1.0,0.0,0.0,0.0
650,28,m,5700220.206103785,0.0,0.0,0.0,0.0,0.0
651,28,m,1119594.8095180881,0.0,1.0,0.0,0.0,0.0
652,29,m,5635751.822673786,0.0,0.0,0.0,0.0,0.0
653,29,m,1106932.4096709804,0.0,1.0,0.0,0.0,0.0
654,30,m,5546012.078083551,0.0,0.0,0.0,0.0,0.0
655,30,m,1089306.3972332291,0.0,1.0,0.0,0.0,0.0
656,31,m,5473632.759281394,0.0,0.0,0.0,0.0,0.0
657,31,m,1075090.190364488,0.0,1.0,0.0,0.0,0.0
658,32,m,5424726.924149275,0.0,0.0,0.0,0.0,0.0
659,32,m,1065484.4703766115,0.0,1.0,0.0,0.0,0.0
660,33,m,5356746.0250426745,0.0,0.0,0.0,0.0,0.0
661,33,m,1052132.168354205,0.0,1.0,0.0,0.0,0.0
662,34,m,5296177.082844276,0.0,0.0,0.0,0.0,0.0
663,34,m,1040235.6677188938,0.0,1.0,0.0,0.0,0.0
664,35,m,5201553.20350008,0.0,0.0,0.0,0.0,0.0
665,35,m,1021650.3498996301,0.0,1.0,0.0,0.0,0.0
666,36,m,5083648.388545721,0.0,0.0,0.0,0.0,0.0
667,36,m,998492.3640557253,0.0,1.0,0.0,0.0,0.0
668,37,m,4972880.657853519,0.0,0.0,0.0,0.0,0.0
669,37,m,976736.1911604585,0.0,1.0,0.0,0.0,0.0
670,38,m,4848161.653958315,0.0,0.0,0.0,0.0,0.0
671,38,m,952239.8130626763,0.0,1.0,0.0,0.0,0.0
672,39,m,4739894.761250444,0.0,0.0,0.0,0.0,0.0
673,39,m,930974.8361432605,0.0,1.0,0.0,0.0,0.0
674,40,m,4622311.926899771,0.0,0.0,0.0,0.0,0.0
675,40,m,907880.0913320913,0.0,1.0,0.0,0.0,0.0
676,41,m,4477357.539723896,0.0,0.0,0.0,0.0,0.0
677,41,m,879409.229921298,0.0,1.0,0.0,0.0,0.0
678,42,m,4331214.019636672,0.0,0.0,0.0,0.0,0.0
679,42,m,850704.8078782419,0.0,1.0,0.0,0.0,0.0
680,43,m,4216814.402617921,0.0,0.0,0.0,0.0,0.0
681,43,m,828235.2869134374,0.0,1.0,0.0,0.0,0.0
682,44,m,4140625.7422701367,0.0,0.0,0.0,0.0,0.0
683,44,m,813270.8775423439,0.0,1.0,0.0,0.0,0.0
684,45,m,4049743.0580085698,0.0,0.0,0.0,0.0,0.0
685,45,m,795420.3774045834,0.0,1.0,0.0,0.0,0.0
686,46,m,3953099.482150327,0.0,0.0,0.0,0.0,0.0
687,46,m,776438.3658345225,0.0,1.0,0.0,0.0,0.0
688,47,m,3860849.2950407085,0.0,0.0,0.0,0.0,0.0
689,47,m,758319.2709696599,0.0,1.0,0.0,0.0,0.0
690,48,m,3746651.8306168863,0.0,0.0,0.0,0.0,0.0
691,48,m,735889.45531234,0.0,1.0,0.0,0.0,0.0
692,49,m,3634425.1253142217,0.0,0.0,0.0,0.0,0.0
693,49,m,713846.7214874896,0.0,1.0,0.0,0.0,0.0
694,15,m,2914198.457189588,0.0,0.0,1.0,0.0,0.0
695,16,m,2947126.230988138,0.0,0.0,1.0,0.0,0.0
696,17,m,2969879.795181022,0.0,0.0,1.0,0.0,0.0
697,15,m,26508.520000000008,0.0,0.0,0.0,1.0,0.0
698,16,m,26808.042000000012,0.0,0.0,0.0,1.0,0.0
699,17,m,27015.016000000007,0.0,0.0,0.0,1.0,0.0
700,15,m,1855596.4000000001,1.0,0.0,0.0,0.0,0.0
701,16,m,1876562.9400000002,1.0,0.0,0.0,0.0,0.0
702,17,m,1891051.12,1.0,0.0,0.0,0.0,0.0
703,50,m,701874.8219063942,0.0,0.0,0.0,0.0,1.0
704,51,m,679979.1506642775,0.0,0.0,0.0,0.0,1.0
705,52,m,661022.1720713114,0.0,0.0,0.0,0.0,1.0
706,53,m,641489.9247259403,0.0,0.0,0.0,0.0,1.0
707,54,m,619870.630422073,0.0,0.0,0.0,0.0,1.0
708,55,m,599059.8662772668,0.0,0.0,0.0,0.0,1.0
709,56,m,580750.5321916434,0.0,0.0,0.0,0.0,1.0
710,57,m,562313.0365047076,0.0,0.0,0.0,0.0,1.0
711,58,m,541922.5804279319,0.0,0.0,0.0,0.0,1.0
712,59,m,520627.3362610952,0.0,0.0,0.0,0.0,1.0
713,60,m,498843.2367117281,0.0,0.0,0.0,0.0,1.0
714,61,m,476619.5045854556,0.0,0.0,0.0,0.0,1.0
715,62,m,455646.76094880584,0.0,0.0,0.0,0.0,1.0
716,63,m,436147.8757272471,0.0,0.0,0.0,0.0,1.0
717,64,m,416104.89619684557,0.0,0.0,0.0,0.0,1.0
718,65,m,395706.69208585104,0.0,0.0,0.0,0.0,1.0
719,66,m,375389.9790641689,0.0,0.0,0.0,0.0,1.0
720,67,m,354087.8072432071,0.0,0.0,0.0,0.0,1.0
721,68,m,331674.9319286536,0.0,0.0,0.0,0.0,1.0
722,69,m,308857.97384125716,0.0,0.0,0.0,0.0,1.0
723,70,m,286016.130891017,0.0,0.0,0.0,0.0,1.0
724,71,m,263390.77713218273,0.0,0.0,0.0,0.0,1.0
725,72,m,229125.59714321306,0.0,0.0,0.0,0.0,1.0
726,73,m,196353.6912315532,0.0,0.0,0.0,0.0,1.0
727,74,m,177259.43570290005,0.0,0.0,0.0,0.0,1.0
728,75,m,160372.09377977415,0.0,0.0,0.0,0.0,1.0
729,76,m,144289.90934199057,0.0,0.0,0.0,0.0,1.0
730,77,m,129440.84733845477,0.0,0.0,0.0,0.0,1.0
731,78,m,115807.95324722926,0.0,0.0,0.0,0.0,1.0
732,79,m,103300.71179797052,0.0,0.0,0.0,0.0,1.0
733,80,m,91797.3421234287,0.0,0.0,0.0,0.0,1.0
734,81,m,81228.02076229146,0.0,0.0,0.0,0.0,1.0
735,82,m,71496.3986302152,0.0,0.0,0.0,0.0,1.0
736,83,m,62127.5668062633,0.0,0.0,0.0,0.0,1.0
737,84,m,52891.271944123655,0.0,0.0,0.0,0.0,1.0
738,85,m,44259.961824451675,0.0,0.0,0.0,0.0,1.0
739,86,m,36790.03645749635,0.0,0.0,0.0,0.0,1.0
740,87,m,30419.329262820305,0.0,0.0,0.0,0.0,1.0
741,88,m,24938.09639645516,0.0,0.0,0.0,0.0,1.0
742,89,m,20246.342640307346,0.0,0.0,0.0,0.0,1.0
743,90,m,16207.155672064608,0.0,0.0,0.0,0.0,1.0
744,91,m,12752.44394394582,0.0,0.0,0.0,0.0,1.0
745,92,m,9856.046446294778,0.0,0.0,0.0,0.0,1.0
746,93,m,7464.638473017829,0.0,0.0,0.0,0.0,1.0
747,94,m,5523.528017865069,0.0,0.0,0.0,0.0,1.0
748,95,m,3988.0499423990796,0.0,0.0,0.0,0.0,1.0
749,96,m,2810.4398944949467,0.0,0.0,0.0,0.0,1.0
750,97,m,1935.1854878090205,0.0,0.0,0.0,0.0,1.0
751,98,m,1304.0397356851554,0.0,0.0,0.0,0.0,1.0
752,99,m,862.675245248449,0.0,0.0,0.0,0.0,1.0
753,100,m,1443.2308915911551,0.0,0.0,0.0,0.0,1.0
754,18,m,1233469.5756466305,0.0,0.0,0.0,0.0,1.0
755,19,m,1237499.187274089,0.0,0.0,0.0,0.0,1.0
756,20,m,1230965.4143788875,0.0,0.0,0.0,0.0,1.0
757,21,m,1214085.7886923023,0.0,0.0,0.0,0.0,1.0
758,22,m,1201891.1890091426,0.0,0.0,0.0,0.0,1.0
759,23,m,1194115.8846777398,0.0,0.0,0.0,0.0,1.0
760,24,m,1184487.8320347546,0.0,0.0,0.0,0.0,1.0
761,25,m,1175456.1728255965,0.0,0.0,0.0,0.0,1.0
762,26,m,1163959.184309086,0.0,0.0,0.0,0.0,1.0
763,27,m,1147607.0185060322,0.0,0.0,0.0,0.0,1.0
764,28,m,1133433.4439046795,0.0,0.0,0.0,0.0,1.0
765,29,m,1120614.5317904092,0.0,0.0,0.0,0.0,1.0
766,30,m,1102770.6548719138,0.0,0.0,0.0,0.0,1.0
767,31,m,1088378.7300670512,0.0,0.0,0.0,0.0,1.0
768,32,m,1078654.279583283,0.0,0.0,0.0,0.0,1.0
769,33,m,1065136.9378301306,0.0,0.0,0.0,0.0,1.0
770,34,m,1053093.3917446507,0.0,0.0,0.0,0.0,1.0
771,35,m,1034278.3520509438,0.0,0.0,0.0,0.0,1.0
772,36,m,1010834.1243483779,0.0,0.0,0.0,0.0,1.0
773,37,m,988809.0365565884,0.0,0.0,0.0,0.0,1.0
774,38,m,964009.8735428626,0.0,0.0,0.0,0.0,1.0
775,39,m,942482.0531033399,0.0,0.0,0.0,0.0,1.0
776,40,m,919101.8481176714,0.0,0.0,0.0,0.0,1.0
777,41,m,890279.0756061962,0.0,0.0,0.0,0.0,1.0
778,42,m,861219.8555607242,0.0,0.0,0.0,0.0,1.0
779,43,m,838472.6024352931,0.0,0.0,0.0,0.0,1.0
780,44,m,823323.2270494081,0.0,0.0,0.0,0.0,1.0
781,45,m,805252.0876741982,0.0,0.0,0.0,0.0,1.0
782,46,m,786035.4509381338,0.0,0.0,0.0,0.0,1.0
783,47,m,767692.3968988276,0.0,0.0,0.0,0.0,1.0
784,48,m,744985.339854176,0.0,0.0,0.0,0.0,1.0
785,49,m,722670.1491264445,0.0,0.0,0.0,0.0,1.0
786,50,m,1696921.9241262488,0.0,0.0,1.0,0.0,0.0
787,51,m,1643984.7857440945,0.0,0.0,1.0,0.0,0.0
788,52,m,1598152.52109294,0.0,0.0,1.0,0.0,0.0
789,53,m,1550929.4298616701,0.0,0.0,1.0,0.0,0.0
790,54,m,1498660.4876751914,0.0,0.0,1.0,0.0,0.0
791,55,m,1448346.327894928,0.0,0.0,1.0,0.0,0.0
792,56,m,1404079.8726007247,0.0,0.0,1.0,0.0,0.0
793,57,m,1359503.5611550966,0.0,0.0,1.0,0.0,0.0
794,58,m,1310205.5796922015,0.0,0.0,1.0,0.0,0.0
795,59,m,1258720.0931375262,0.0,0.0,1.0,0.0,0.0
796,60,m,1206052.7015045495,0.0,0.0,1.0,0.0,0.0
797,61,m,1152322.4107120268,0.0,0.0,1.0,0.0,0.0
798,62,m,1101616.6333065273,0.0,0.0,1.0,0.0,0.0
799,63,m,1054474.2016424134,0.0,0.0,1.0,0.0,0.0
800,64,m,1006016.3138133956,0.0,0.0,1.0,0.0,0.0
801,65,m,956699.5999373632,0.0,0.0,1.0,0.0,0.0
802,66,m,907579.9069712696,0.0,0.0,1.0,0.0,0.0
803,67,m,856077.6714354359,0.0,0.0,1.0,0.0,0.0
804,68,m,801890.0893810308,0.0,0.0,1.0,0.0,0.0
805,69,m,746725.5568861801,0.0,0.0,1.0,0.0,0.0
806,70,m,691500.8602879589,0.0,0.0,1.0,0.0,0.0
807,71,m,636799.5693509284,0.0,0.0,1.0,0.0,0.0
808,72,m,553956.6843483243,0.0,0.0,1.0,0.0,0.0
809,73,m,474724.086310615,0.0,0.0,1.0,0.0,0.0
810,74,m,428559.9273749328,0.0,0.0,1.0,0.0,0.0
811,75,m,387731.4208447606,0.0,0.0,1.0,0.0,0.0
812,76,m,348849.54261155555,0.0,0.0,1.0,0.0,0.0
813,77,m,312948.9830244922,0.0,0.0,1.0,0.0,0.0
814,78,m,279988.7511559996,0.0,0.0,1.0,0.0,0.0
815,79,m,249750.0083443672,0.0,0.0,1.0,0.0,0.0
816,80,m,221938.32513134214,0.0,0.0,1.0,0.0,0.0
817,81,m,196384.8894173572,0.0,0.0,1.0,0.0,0.0
818,82,m,172856.75813551617,0.0,0.0,1.0,0.0,0.0
819,83,m,150205.74455116515,0.0,0.0,1.0,0.0,0.0
820,84,m,127875.16542212828,0.0,0.0,1.0,0.0,0.0
821,85,m,107007.25718712181,0.0,0.0,1.0,0.0,0.0
822,86,m,88947.2274907384,0.0,0.0,1.0,0.0,0.0
823,87,m,73544.77626521721,0.0,0.0,1.0,0.0,0.0
824,88,m,60292.80606786365,0.0,0.0,1.0,0.0,0.0
825,89,m,48949.558578540404,0.0,0.0,1.0,0.0,0.0
826,90,m,39184.021038043975,0.0,0.0,1.0,0.0,0.0
827,91,m,30831.56859209673,0.0,0.0,1.0,0.0,0.0
828,92,m,23828.951798693728,0.0,0.0,1.0,0.0,0.0
829,93,m,18047.247579183804,0.0,0.0,1.0,0.0,0.0
830,94,m,13354.227134950383,0.0,0.0,1.0,0.0,0.0
831,95,m,9641.903613789924,0.0,0.0,1.0,0.0,0.0
832,96,m,6794.797198243947,0.0,0.0,1.0,0.0,0.0
833,97,m,4678.695657716625,0.0,0.0,1.0,0.0,0.0
834,98,m,3152.775321681302,0.0,0.0,1.0,0.0,0.0
835,99,m,2085.688916845508,0.0,0.0,1.0,0.0,0.0
836,100,m,3489.297614160496,0.0,0.0,1.0,0.0,0.0
837,18,m,2982157.9294899036,0.0,0.0,1.0,0.0,0.0
838,19,m,2991900.316740348,0.0,0.0,1.0,0.0,0.0
839,20,m,2976103.6217641486,0.0,0.0,1.0,0.0,0.0
840,21,m,2935293.7707699053,0.0,0.0,1.0,0.0,0.0
841,22,m,2905810.901585211,0.0,0.0,1.0,0.0,0.0
842,23,m,2887012.557528825,0.0,0.0,1.0,0.0,0.0
843,24,m,2863734.826077871,0.0,0.0,1.0,0.0,0.0
844,25,m,2841898.9943242413,0.0,0.0,1.0,0.0,0.0
845,26,m,2814102.738829417,0.0,0.0,1.0,0.0,0.0
846,27,m,2774568.1269697393,0.0,0.0,1.0,0.0,0.0
847,28,m,2740300.6924734465,0.0,0.0,1.0,0.0,0.0
848,29,m,2709308.4238648238,0.0,0.0,1.0,0.0,0.0
849,30,m,2666167.3038113057,0.0,0.0,1.0,0.0,0.0
850,31,m,2631371.964287067,0.0,0.0,1.0,0.0,0.0
851,32,m,2607861.1718908306,0.0,0.0,1.0,0.0,0.0
852,33,m,2575180.3107729903,0.0,0.0,1.0,0.0,0.0
853,34,m,2546062.6436921773,0.0,0.0,1.0,0.0,0.0
854,35,m,2500573.544549346,0.0,0.0,1.0,0.0,0.0
855,36,m,2443892.463050176,0.0,0.0,1.0,0.0,0.0
856,37,m,2390642.4344294346,0.0,0.0,1.0,0.0,0.0
857,38,m,2330685.527436147,0.0,0.0,1.0,0.0,0.0
858,39,m,2278637.7415029574,0.0,0.0,1.0,0.0,0.0
859,40,m,2222111.447650465,0.0,0.0,1.0,0.0,0.0
860,41,m,2152426.6647486095,0.0,0.0,1.0,0.0,0.0
861,42,m,2082170.2229243622,0.0,0.0,1.0,0.0,0.0
862,43,m,2027174.2160333486,0.0,0.0,1.0,0.0,0.0
863,44,m,1990547.589138111,0.0,0.0,1.0,0.0,0.0
864,45,m,1946857.0169126485,0.0,0.0,1.0,0.0,0.0
865,46,m,1900396.977077017,0.0,0.0,1.0,0.0,0.0
866,47,m,1856048.9970908049,0.0,0.0,1.0,0.0,0.0
867,48,m,1801150.1722165975,0.0,0.0,1.0,0.0,0.0
868,49,m,1747198.7620718456,0.0,0.0,1.0,0.0,0.0
869,50,m,1077990.9000000001,1.0,0.0,0.0,0.0,0.0
870,51,m,1044361.92,1.0,0.0,0.0,0.0,0.0
871,52,m,1015246.4000000001,1.0,0.0,0.0,0.0,0.0
872,53,m,985247.3400000001,1.0,0.0,0.0,0.0,0.0
873,54,m,952042.8400000001,1.0,0.0,0.0,0.0,0.0
874,55,m,920080.1400000001,1.0,0.0,0.0,0.0,0.0
875,56,m,891959.3200000001,1.0,0.0,0.0,0.0,0.0
876,57,m,863641.66,1.0,0.0,0.0,0.0,0.0
877,58,m,832324.5000000001,1.0,0.0,0.0,0.0,0.0
878,59,m,799617.7000000001,1.0,0.0,0.0,0.0,0.0
879,60,m,766160.0800000001,1.0,0.0,0.0,0.0,0.0
880,61,m,732027.2400000001,1.0,0.0,0.0,0.0,0.0
881,62,m,699815.76,1.0,0.0,0.0,0.0,0.0
882,63,m,669867.9400000001,1.0,0.0,0.0,0.0,0.0
883,64,m,639084.4600000001,1.0,0.0,0.0,0.0,0.0
884,65,m,607755.4,1.0,0.0,0.0,0.0,0.0
885,66,m,576551.5000000002,1.0,0.0,0.0,0.0,0.0
886,67,m,543834.06,1.0,0.0,0.0,0.0,0.0
887,68,m,509410.72000000003,1.0,0.0,0.0,0.0,0.0
888,69,m,474366.76000000007,1.0,0.0,0.0,0.0,0.0
889,70,m,439284.58,1.0,0.0,0.0,0.0,0.0
890,71,m,404534.9,1.0,0.0,0.0,0.0,0.0
891,72,m,351907.92000000004,1.0,0.0,0.0,0.0,0.0
892,73,m,301574.42000000004,1.0,0.0,0.0,0.0,0.0
893,74,m,272248.06,1.0,0.0,0.0,0.0,0.0
894,75,m,246311.24000000002,1.0,0.0,0.0,0.0,0.0
895,76,m,221611.04,1.0,0.0,0.0,0.0,0.0
896,77,m,198804.76,1.0,0.0,0.0,0.0,0.0
897,78,m,177866.36000000002,1.0,0.0,0.0,0.0,0.0
898,79,m,158656.82,1.0,0.0,0.0,0.0,0.0
899,80,m,140989.1,1.0,0.0,0.0,0.0,0.0
900,81,m,124755.96,1.0,0.0,0.0,0.0,0.0
901,82,m,109809.42000000001,1.0,0.0,0.0,0.0,0.0
902,83,m,95420.08000000002,1.0,0.0,0.0,0.0,0.0
903,84,m,81234.3,1.0,0.0,0.0,0.0,0.0
904,85,m,67977.70000000001,1.0,0.0,0.0,0.0,0.0
905,86,m,56504.840000000004,1.0,0.0,0.0,0.0,0.0
906,87,m,46720.240000000005,1.0,0.0,0.0,0.0,0.0
907,88,m,38301.76,1.0,0.0,0.0,0.0,0.0
908,89,m,31095.820000000003,1.0,0.0,0.0,0.0,0.0
909,90,m,24892.140000000003,1.0,0.0,0.0,0.0,0.0
910,91,m,19586.140000000003,1.0,0.0,0.0,0.0,0.0
911,92,m,15137.640000000001,1.0,0.0,0.0,0.0,0.0
912,93,m,11464.740000000002,1.0,0.0,0.0,0.0,0.0
913,94,m,8483.44,1.0,0.0,0.0,0.0,0.0
914,95,m,6125.14,1.0,0.0,0.0,0.0,0.0
915,96,m,4316.4800000000005,1.0,0.0,0.0,0.0,0.0
916,97,m,2972.2000000000003,1.0,0.0,0.0,0.0,0.0
917,98,m,2002.8400000000001,1.0,0.0,0.0,0.0,0.0
918,99,m,1324.96,1.0,0.0,0.0,0.0,0.0
919,100,m,2216.6200000000003,1.0,0.0,0.0,0.0,0.0
920,18,m,27126.70200000001,0.0,0.0,0.0,1.0,0.0
921,19,m,27215.322000000007,0.0,0.0,0.0,1.0,0.0
922,20,m,27071.630000000012,0.0,0.0,0.0,1.0,0.0
923,21,m,26700.41000000001,0.0,0.0,0.0,1.0,0.0
924,22,m,26432.22400000001,0.0,0.0,0.0,1.0,0.0
925,23,m,26261.228000000006,0.0,0.0,0.0,1.0,0.0
926,24,m,26049.48600000001,0.0,0.0,0.0,1.0,0.0
927,25,m,25850.86000000001,0.0,0.0,0.0,1.0,0.0
928,26,m,25598.016000000007,0.0,0.0,0.0,1.0,0.0
929,27,m,25238.396000000008,0.0,0.0,0.0,1.0,0.0
930,28,m,24926.68800000001,0.0,0.0,0.0,1.0,0.0
931,29,m,24644.772000000008,0.0,0.0,0.0,1.0,0.0
932,30,m,24252.34600000001,0.0,0.0,0.0,1.0,0.0
933,31,m,23935.83600000001,0.0,0.0,0.0,1.0,0.0
934,32,m,23721.97400000001,0.0,0.0,0.0,1.0,0.0
935,33,m,23424.69800000001,0.0,0.0,0.0,1.0,0.0
936,34,m,23159.834000000006,0.0,0.0,0.0,1.0,0.0
937,35,m,22746.050000000007,0.0,0.0,0.0,1.0,0.0
938,36,m,22230.46000000001,0.0,0.0,0.0,1.0,0.0
939,37,m,21746.08000000001,0.0,0.0,0.0,1.0,0.0
940,38,m,21200.69200000001,0.0,0.0,0.0,1.0,0.0
941,39,m,20727.24800000001,0.0,0.0,0.0,1.0,0.0
942,40,m,20213.066000000006,0.0,0.0,0.0,1.0,0.0
943,41,m,19579.190000000006,0.0,0.0,0.0,1.0,0.0
944,42,m,18940.114000000005,0.0,0.0,0.0,1.0,0.0
945,43,m,18439.852000000006,0.0,0.0,0.0,1.0,0.0
946,44,m,18106.68400000001,0.0,0.0,0.0,1.0,0.0
947,45,m,17709.260000000006,0.0,0.0,0.0,1.0,0.0
948,46,m,17286.644000000008,0.0,0.0,0.0,1.0,0.0
949,47,m,16883.240000000005,0.0,0.0,0.0,1.0,0.0
950,48,m,16383.862000000006,0.0,0.0,0.0,1.0,0.0
951,49,m,15893.102000000006,0.0,0.0,0.0,1.0,0.0
952,18,m,1898869.1400000001,1.0,0.0,0.0,0.0,0.0
953,19,m,1905072.5400000003,1.0,0.0,0.0,0.0,0.0
954,20,m,1895014.1,1.0,0.0,0.0,0.0,0.0
955,21,m,1869028.7000000002,1.0,0.0,0.0,0.0,0.0
956,22,m,1850255.6800000002,1.0,0.0,0.0,0.0,0.0
957,23,m,1838285.9600000002,1.0,0.0,0.0,0.0,0.0
958,24,m,1823464.0200000003,1.0,0.0,0.0,0.0,0.0
959,25,m,1809560.2000000002,1.0,0.0,0.0,0.0,0.0
960,26,m,1791861.12,1.0,0.0,0.0,0.0,0.0
961,27,m,1766687.7200000002,1.0,0.0,0.0,0.0,0.0
962,28,m,1744868.1600000001,1.0,0.0,0.0,0.0,0.0
963,29,m,1725134.0400000003,1.0,0.0,0.0,0.0,0.0
964,30,m,1697664.2200000002,1.0,0.0,0.0,0.0,0.0
965,31,m,1675508.5200000003,1.0,0.0,0.0,0.0,0.0
966,32,m,1660538.1800000002,1.0,0.0,0.0,0.0,0.0
967,33,m,1639728.86,1.0,0.0,0.0,0.0,0.0
968,34,m,1621188.3800000001,1.0,0.0,0.0,0.0,0.0
969,35,m,1592223.5000000002,1.0,0.0,0.0,0.0,0.0
970,36,m,1556132.2000000002,1.0,0.0,0.0,0.0,0.0
971,37,m,1522225.6,1.0,0.0,0.0,0.0,0.0
972,38,m,1484048.4400000002,1.0,0.0,0.0,0.0,0.0
973,39,m,1450907.36,1.0,0.0,0.0,0.0,0.0
974,40,m,1414914.62,1.0,0.0,0.0,0.0,0.0
975,41,m,1370543.3,1.0,0.0,0.0,0.0,0.0
976,42,m,1325807.9800000002,1.0,0.0,0.0,0.0,0.0
977,43,m,1290789.6400000001,1.0,0.0,0.0,0.0,0.0
978,44,m,1267467.8800000001,1.0,0.0,0.0,0.0,0.0
979,45,m,1239648.2000000002,1.0,0.0,0.0,0.0,0.0
980,46,m,1210065.08,1.0,0.0,0.0,0.0,0.0
981,47,m,1181826.8,1.0,0.0,0.0,0.0,0.0
982,48,m,1146870.34,1.0,0.0,0.0,0.0,0.0
983,49,m,1112517.1400000001,1.0,0.0,0.0,0.0,0.0
